,precision,recall,f1
calculator,1.0,1.0,1.0
desk_chair,1.0,0.9833333333333334,0.9914529914529915
desk_lamp,1.0,0.9629629629629629,0.9803921568627452
desktop_computer,0.9565217391304347,0.7301587301587302,0.8121212121212121
file_cabinet,0.7554945054945055,0.9824561403508771,0.8509850275807723
