,precision,recall,f1,accuracy
CORAL,0.9779696969696969,0.9764883984153933,0.9754970233739149,0.9793281653746769
Baseline,0.9424032489249881,0.9317822333611808,0.9269902776035442,0.9431524547803618
